doc_id,file_path,title,source_url,retrieved_at,document_version,license_or_permission
nd52-thong-tin-hang-hoa-gia-dieu-kien,data/k4_ecommerce/nd52-thong-tin-hang-hoa-gia-va-dieu-kien-giao-dich.md,Thong tin ve hang hoa gia ca va dieu kien giao dich chung,https://vanban.vcci.com.vn/nghi-dinh-522013nd-cp-cua-chinh-phu-ve-thuong-mai-dien-tu,2026-08-03,2013-07-01,van-ban-quy-pham-phap-luat
nd52-van-chuyen-giao-nhan,data/k4_ecommerce/nd52-van-chuyen-giao-nhan.md,Thong tin ve van chuyen va giao nhan,https://vanban.vcci.com.vn/nghi-dinh-522013nd-cp-cua-chinh-phu-ve-thuong-mai-dien-tu,2026-08-03,2013-07-01,van-ban-quy-pham-phap-luat
nd52-thanh-toan-an-toan,data/k4_ecommerce/nd52-thanh-toan-va-an-toan-thanh-toan.md,Phuong thuc thanh toan va an toan thanh toan truc tuyen,https://vanban.vcci.com.vn/nghi-dinh-522013nd-cp-cua-chinh-phu-ve-thuong-mai-dien-tu,2026-08-03,2013-07-01,van-ban-quy-pham-phap-luat
nd52-quy-trinh-dat-hang,data/k4_ecommerce/nd52-quy-trinh-dat-hang-truc-tuyen.md,Quy trinh giao ket hop dong khi dat hang truc tuyen,https://vanban.vcci.com.vn/nghi-dinh-522013nd-cp-cua-chinh-phu-ve-thuong-mai-dien-tu,2026-08-03,2013-07-01,van-ban-quy-pham-phap-luat
nd52-trach-nhiem-nguoi-ban,data/k4_ecommerce/nd52-trach-nhiem-nguoi-ban-tren-san.md,Trach nhiem cua san giao dich va nguoi ban tren san,https://vanban.vcci.com.vn/nghi-dinh-522013nd-cp-cua-chinh-phu-ve-thuong-mai-dien-tu,2026-08-03,2013-07-01,van-ban-quy-pham-phap-luat
nd52-dieu-kien-thiet-lap-website,data/k4_ecommerce/nd52-dieu-kien-thiet-lap-website-ban-hang.md,Dieu kien va thu tuc thiet lap website thuong mai dien tu,https://vanban.vcci.com.vn/nghi-dinh-522013nd-cp-cua-chinh-phu-ve-thuong-mai-dien-tu,2026-08-03,2013-07-01,van-ban-quy-pham-phap-luat
nd52-bao-ve-thong-tin-ca-nhan,data/k4_ecommerce/nd52-bao-ve-thong-tin-ca-nhan.md,Bao ve thong tin ca nhan cua nguoi tieu dung,https://vanban.vcci.com.vn/nghi-dinh-522013nd-cp-cua-chinh-phu-ve-thuong-mai-dien-tu,2026-08-03,2013-07-01,van-ban-quy-pham-phap-luat
nd52-giai-quyet-tranh-chap,data/k4_ecommerce/nd52-giai-quyet-tranh-chap-khieu-nai.md,Giai quyet khieu nai va tranh chap trong thuong mai dien tu,https://vanban.vcci.com.vn/nghi-dinh-522013nd-cp-cua-chinh-phu-ve-thuong-mai-dien-tu,2026-08-03,2013-07-01,van-ban-quy-pham-phap-luat
nd52-hanh-vi-bi-cam,data/k4_ecommerce/nd52-hanh-vi-bi-cam.md,Cac hanh vi bi cam trong hoat dong thuong mai dien tu,https://vanban.vcci.com.vn/nghi-dinh-522013nd-cp-cua-chinh-phu-ve-thuong-mai-dien-tu,2026-08-03,2013-07-01,van-ban-quy-pham-phap-luat
